{"cameraMode":{"drawMode":0,"name":"Shaded","section":"Shading Mode"},"sceneLighting":true,"audioPlay":false,"sceneViewState":{"m_AlwaysRefresh":false,"showFog":true,"showSkybox":true,"showFlares":true,"showImageEffects":true,"showParticleSystems":true,"showVisualEffectGraphs":true,"m_FxEnabled":true},"in2DMode":false,"pivot":{"x":422.438720703125,"y":157.09130859375,"z":-1007.6935424804688},"rotation":{"x":-0.07661812007427216,"y":0.051754098385572436,"z":0.003428668947890401,"w":0.9955068230628967},"size":131.79220581054688,"orthographic":false}