{"cameraMode":{"drawMode":0,"name":"Shaded","section":"Shading Mode"},"sceneLighting":true,"audioPlay":false,"sceneViewState":{"m_AlwaysRefresh":false,"showFog":true,"showSkybox":true,"showFlares":true,"showImageEffects":true,"showParticleSystems":true,"showVisualEffectGraphs":true,"m_FxEnabled":true},"in2DMode":false,"pivot":{"x":9.325400352478028,"y":-5.473996639251709,"z":21.458127975463868},"rotation":{"x":-0.13607437908649445,"y":-0.21394973993301392,"z":0.030025562271475793,"w":-0.9667975306510925},"size":13.367753028869629,"orthographic":false}