{"cameraMode":{"drawMode":0,"name":"Shaded","section":"Shading Mode"},"sceneLighting":true,"audioPlay":false,"sceneViewState":{"m_AlwaysRefresh":false,"showFog":true,"showSkybox":true,"showFlares":true,"showImageEffects":true,"showParticleSystems":true,"showVisualEffectGraphs":true,"m_FxEnabled":true},"in2DMode":false,"pivot":{"x":8.526779174804688,"y":-149.77273559570313,"z":-178.11293029785157},"rotation":{"x":0.004117642063647509,"y":-0.9230527877807617,"z":0.38397011160850527,"w":0.007011582609266043},"size":137.95193481445313,"orthographic":false}